{
"lengthUnit": "mil",
"remark": [],
"components": {
	"fields": ["COMPONENT_NO", "COMPONENT_NAME", "LAYER", "X_COORDINATE", "Y_COORDINATE", "ANGLE"],
	"rows": [
		[1, "C1", "T", -405, 290, 90],
		[2, "C2", "T", 220, -150, 0],
		[3, "C3", "T", -470, -315, 180],
		[4, "C4", "T", -420, 165, 0],
		[5, "C5", "T", 130, 290, 90],
		[6, "C6", "T", 145, 165, 180],
		[7, "C7", "T", 413.5021, -272.1201, 270],
		[8, "C8", "T", 547.92, -175, 0],
		[9, "C9", "T", 548.5021, -222.1201, 0],
		[10, "C10", "T", 445, -30, 90],
		[11, "C11", "T", 395, -30, 90],
		[12, "C12", "T", -860, -125, 90],
		[13, "C13", "T", -855, 135, 270],
		[14, "D1", "T", -640, -10, 0],
		[15, "D2", "T", 845, 50, 180],
		[16, "H1", "T", 995, -10, 90],
		[17, "H2", "T", 1100, -20, 90],
		[18, "H3", "T", 815, 325, 180],
		[19, "L1", "T", -775, -125, 0],
		[20, "L2", "T", 210, -285, 0],
		[21, "L3", "T", -505, -190, 0],
		[22, "L4", "T", -770, 115, 0],
		[23, "Q1", "T", 835, 215, 180],
		[24, "R2", "T", -790, -55, 180],
		[25, "R3", "T", -785, 60, 180],
		[26, "R4", "T", -410, 65, 0],
		[27, "R5", "T", -410, 15, 0],
		[28, "R6", "T", 225, 60, 0],
		[29, "R7", "T", 225, 15, 0],
		[30, "R10", "T", 460, -110, 180],
		[31, "R11", "T", 460, -165, 0],
		[32, "R13", "T", 655, 250, 180],
		[33, "R14", "T", 730, 200, 180],
		[34, "R15", "T", 595, -80, 180],
		[35, "R16", "T", 810, -40, 0],
		[36, "R17", "T", 910, 195, 270],
		[37, "U1", "T", 580, 75, 0],
		[38, "U3", "T", -135, 140, 270],
		[39, "U4", "T", -150, -300, 180],
		[40, "U5", "T", 533.5021, -297.1201, 270],
		[41, "USB1", "T", -1035, 10, 270],
		[42, "PAD1", "T", -405, 311.46, 0],
		[43, "PAD2", "T", -405, 268.54, 0],
		[44, "PAD3", "T", 247.56, -150, 0],
		[45, "PAD4", "T", 192.44, -150, 0],
		[46, "PAD5", "T", -497.56, -315, 0],
		[47, "PAD6", "T", -442.44, -315, 0],
		[48, "PAD7", "T", -398.54, 165, 0],
		[49, "PAD8", "T", -441.46, 165, 0],
		[50, "PAD9", "T", 130, 311.46, 0],
		[51, "PAD10", "T", 130, 268.54, 0],
		[52, "PAD11", "T", 123.54, 165, 0],
		[53, "PAD12", "T", 166.46, 165, 0],
		[54, "PAD13", "T", 413.5021, -293.5801, 0],
		[55, "PAD14", "T", 413.5021, -250.6601, 0],
		[56, "PAD15", "T", 569.38, -175, 0],
		[57, "PAD16", "T", 526.46, -175, 0],
		[58, "PAD17", "T", 569.9621, -222.1201, 0],
		[59, "PAD18", "T", 527.0421, -222.1201, 0],
		[60, "PAD19", "T", 445, -8.54, 0],
		[61, "PAD20", "T", 445, -51.46, 0],
		[62, "PAD21", "T", 395, -8.54, 0],
		[63, "PAD22", "T", 395, -51.46, 0],
		[64, "PAD23", "T", -586.85, 27.4, 0],
		[65, "PAD24", "T", -586.85, -10, 0],
		[66, "PAD25", "T", -586.85, -47.4, 0],
		[67, "PAD26", "T", -693.15, -47.4, 0],
		[68, "PAD27", "T", -693.15, -10, 0],
		[69, "PAD28", "T", -693.15, 27.4, 0],
		[70, "PAD29", "T", 791.85, 12.6, 0],
		[71, "PAD30", "T", 791.85, 50, 0],
		[72, "PAD31", "T", 791.85, 87.4, 0],
		[73, "PAD32", "T", 898.15, 87.4, 0],
		[74, "PAD33", "T", 898.15, 50, 0],
		[75, "PAD34", "T", 898.15, 12.6, 0],
		[76, "PAD35", "T", 995, 240, 0],
		[77, "PAD35", "B", 995, 240, 0],
		[78, "PAD36", "T", 995, 140, 0],
		[79, "PAD36", "B", 995, 140, 0],
		[80, "PAD37", "T", 995, 40, 0],
		[81, "PAD37", "B", 995, 40, 0],
		[82, "PAD38", "T", 995, -60, 0],
		[83, "PAD38", "B", 995, -60, 0],
		[84, "PAD39", "T", 995, -160, 0],
		[85, "PAD39", "B", 995, -160, 0],
		[86, "PAD40", "T", 995, -260, 0],
		[87, "PAD40", "B", 995, -260, 0],
		[88, "PAD41", "T", -802.555, -125, 0],
		[89, "PAD42", "T", -747.445, -125, 0],
		[90, "PAD43", "T", 285.91, -285, 0],
		[91, "PAD44", "T", 134.09, -285, 0],
		[92, "PAD45", "T", -429.09, -190, 0],
		[93, "PAD46", "T", -580.91, -190, 0],
		[94, "PAD47", "T", -797.555, 115, 0],
		[95, "PAD48", "T", -742.445, 115, 0],
		[96, "PAD49", "T", 871.217, 215, 0],
		[97, "PAD50", "T", 871.217, 240.59, 0],
		[98, "PAD51", "T", 798.783, 240.59, 0],
		[99, "PAD52", "T", 798.783, 215, 0],
		[100, "PAD53", "T", 798.783, 189.41, 0],
		[101, "PAD54", "T", 871.217, 189.41, 0],
		[102, "PAD55", "T", -807.04, -55, 0],
		[103, "PAD56", "T", -772.96, -55, 0],
		[104, "PAD57", "T", -802.04, 60, 0],
		[105, "PAD58", "T", -767.96, 60, 0],
		[106, "PAD59", "T", -392.96, 65, 0],
		[107, "PAD60", "T", -427.04, 65, 0],
		[108, "PAD61", "T", -392.96, 15, 0],
		[109, "PAD62", "T", -427.04, 15, 0],
		[110, "PAD63", "T", 242.04, 60, 0],
		[111, "PAD64", "T", 207.96, 60, 0],
		[112, "PAD65", "T", 242.04, 15, 0],
		[113, "PAD66", "T", 207.96, 15, 0],
		[114, "PAD67", "T", 442.96, -110, 0],
		[115, "PAD68", "T", 477.04, -110, 0],
		[116, "PAD69", "T", 477.04, -165, 0],
		[117, "PAD70", "T", 442.96, -165, 0],
		[118, "PAD71", "T", 637.96, 250, 0],
		[119, "PAD72", "T", 672.04, 250, 0],
		[120, "PAD73", "T", 712.96, 200, 0],
		[121, "PAD74", "T", 747.04, 200, 0],
		[122, "PAD75", "T", 577.96, -80, 0],
		[123, "PAD76", "T", 612.04, -80, 0],
		[124, "PAD77", "T", 486.4, 94.68, 0],
		[125, "PAD78", "T", 486.4, 75, 0],
		[126, "PAD79", "T", 486.4, 55.31, 0],
		[127, "PAD80", "T", 486.4, 35.63, 0],
		[128, "PAD81", "T", 486.4, 15.94, 0],
		[129, "PAD82", "T", 520.95, -18.6, 0],
		[130, "PAD83", "T", 540.63, -18.6, 0],
		[131, "PAD84", "T", 599.69, 168.6, 0],
		[132, "PAD85", "T", 580, 168.6, 0],
		[133, "PAD86", "T", 560.32, 168.6, 0],
		[134, "PAD87", "T", 520.95, 168.6, 0],
		[135, "PAD88", "T", 580, 75, 0],
		[136, "PAD89", "T", -322.02, 315, 0],
		[137, "PAD90", "T", -322.02, 265, 0],
		[138, "PAD91", "T", -322.02, 215, 0],
		[139, "PAD92", "T", -322.02, 165, 0],
		[140, "PAD93", "T", -322.02, 115, 0],
		[141, "PAD94", "T", -322.02, 65, 0],
		[142, "PAD95", "T", -322.02, 15, 0],
		[143, "PAD96", "T", -322.02, -35, 0],
		[144, "PAD97", "T", 52.02, 315, 0],
		[145, "PAD98", "T", 52.02, 265, 0],
		[146, "PAD99", "T", 52.02, 215, 0],
		[147, "PAD100", "T", 52.02, 165, 0],
		[148, "PAD101", "T", 52.02, 115, 0],
		[149, "PAD102", "T", 52.02, 65, 0],
		[150, "PAD103", "T", 52.02, 15, 0],
		[151, "PAD104", "T", 52.02, -35, 0],
		[152, "PAD105", "T", -300, -300.004, 0],
		[153, "PAD105", "B", -300, -300.004, 0],
		[154, "PAD106", "T", -200, -300.004, 0],
		[155, "PAD106", "B", -200, -300.004, 0],
		[156, "PAD107", "T", -100, -300.004, 0],
		[157, "PAD107", "B", -100, -300.004, 0],
		[158, "PAD108", "T", 0, -300.004, 0],
		[159, "PAD108", "B", 0, -300.004, 0],
		[160, "PAD109", "T", 488.2251, -271.5301, 0],
		[161, "PAD110", "T", 488.2251, -297.1201, 0],
		[162, "PAD111", "T", 488.2261, -322.7101, 0],
		[163, "PAD112", "T", 578.7781, -271.5301, 0],
		[164, "PAD113", "T", 1100, 105, 0],
		[165, "PAD113", "B", 1100, 105, 0],
		[166, "PAD114", "T", 1100, 55, 0],
		[167, "PAD114", "B", 1100, 55, 0],
		[168, "PAD115", "T", 1100, -45, 0],
		[169, "PAD115", "B", 1100, -45, 0],
		[170, "PAD116", "T", 1100, -95, 0],
		[171, "PAD116", "B", 1100, -95, 0],
		[172, "PAD117", "T", 1100, -145, 0],
		[173, "PAD117", "B", 1100, -145, 0],
		[174, "PAD118", "T", 1100, 5, 0],
		[175, "PAD118", "B", 1100, 5, 0],
		[176, "PAD119", "T", -941.397, -121.882, 0],
		[177, "PAD120", "T", -941.397, -110.072, 0],
		[178, "PAD121", "T", -941.397, -90.392, 0],
		[179, "PAD122", "T", -941.397, -78.572, 0],
		[180, "PAD123", "T", -941.397, -58.892, 0],
		[181, "PAD124", "T", -941.397, -19.522, 0],
		[182, "PAD125", "T", -941.397, 0.168, 0],
		[183, "PAD126", "T", -941.397, 19.848, 0],
		[184, "PAD127", "T", -941.397, 39.538, 0],
		[185, "PAD128", "T", -941.397, 59.218, 0],
		[186, "PAD129", "T", -941.397, 98.588, 0],
		[187, "PAD130", "T", -941.397, 110.398, 0],
		[188, "PAD131", "T", -941.397, 130.088, 0],
		[189, "PAD132", "T", -941.397, 141.898, 0],
		[190, "PAD133", "T", -965.217, 180.081, 0],
		[191, "PAD133", "B", -965.217, 180.081, 0],
		[192, "PAD134", "T", -965.217, -160.075, 0],
		[193, "PAD134", "B", -965.217, -160.075, 0],
		[194, "PAD135", "T", -1128.603, -160.081, 0],
		[195, "PAD135", "B", -1128.603, -160.081, 0],
		[196, "PAD136", "T", -1128.603, 180.082, 0],
		[197, "PAD136", "B", -1128.603, 180.082, 0],
		[198, "PAD137", "T", -860, -103.54, 0],
		[199, "PAD138", "T", -860, -146.46, 0],
		[200, "PAD139", "T", -855, 113.54, 0],
		[201, "PAD140", "T", -855, 156.46, 0],
		[202, "PAD141", "T", 865, 325, 0],
		[203, "PAD141", "B", 865, 325, 0],
		[204, "PAD142", "T", 765, 325, 0],
		[205, "PAD142", "B", 765, 325, 0],
		[206, "PAD143", "T", 827.04, -40, 0],
		[207, "PAD144", "T", 792.96, -40, 0],
		[208, "PAD145", "T", 910, 177.96, 0],
		[209, "PAD146", "T", 910, 212.04, 0]
	]
},
"pins": {
	"fields": ["PIN_NO", "PIN_NAME", "PIN_X", "PIN_Y", "LAYER", "PIN_TYPE", "NET_NAME", "NET_TYPE", "PAD_SHAPE", "PAD_SIZEX", "PAD_SIZEY", "HOLE_SIZE", "HOLE_LEN", "PAD_ANGLE"],
	"rows": [
		[1, "C1_1", -405, 268.54, "T", "SMD", "GND", "GND", "R", 31.106, 21.26, 0, 0, 90],
		[2, "C1_2", -405, 311.46, "T", "SMD", "VBUS", "", "R", 31.106, 21.26, 0, 0, 90],
		[3, "C2_1", 192.44, -150, "T", "SMD", "ISOGND", "", "R", 31.496, 35.433, 0, 0, 0],
		[4, "C2_2", 247.56, -150, "T", "SMD", "ISOVBUS", "", "R", 31.496, 35.433, 0, 0, 0],
		[5, "C3_1", -442.44, -315, "T", "SMD", "GND", "GND", "R", 31.496, 35.433, 0, 0, 180],
		[6, "C3_2", -497.56, -315, "T", "SMD", "VBUS", "", "R", 31.496, 35.433, 0, 0, 180],
		[7, "C4_1", -441.46, 165, "T", "SMD", "GND", "GND", "R", 31.106, 21.26, 0, 0, 0],
		[8, "C4_2", -398.54, 165, "T", "SMD", "VDD", "", "R", 31.106, 21.26, 0, 0, 0],
		[9, "C5_1", 130, 268.54, "T", "SMD", "ISOGND", "", "R", 31.106, 21.26, 0, 0, 90],
		[10, "C5_2", 130, 311.46, "T", "SMD", "ISOVBUS", "", "R", 31.106, 21.26, 0, 0, 90],
		[11, "C6_1", 166.46, 165, "T", "SMD", "ISOGND", "", "R", 31.106, 21.26, 0, 0, 180],
		[12, "C6_2", 123.54, 165, "T", "SMD", "ISOVDD", "", "R", 31.106, 21.26, 0, 0, 180],
		[13, "C7_1", 413.5021, -250.6601, "T", "SMD", "ISOGND", "", "R", 31.106, 21.26, 0, 0, 270],
		[14, "C7_2", 413.5021, -293.5801, "T", "SMD", "ISOVBUS", "", "R", 31.106, 21.26, 0, 0, 270],
		[15, "C8_1", 526.46, -175, "T", "SMD", "ISOGND", "", "R", 31.106, 21.26, 0, 0, 0],
		[16, "C8_2", 569.38, -175, "T", "SMD", "ISO3V3", "", "R", 31.106, 21.26, 0, 0, 0],
		[17, "C9_1", 527.0421, -222.1201, "T", "SMD", "ISOGND", "", "R", 31.106, 21.26, 0, 0, 0],
		[18, "C9_2", 569.9621, -222.1201, "T", "SMD", "ISO3V3", "", "R", 31.106, 21.26, 0, 0, 0],
		[19, "C10_1", 445, -51.46, "T", "SMD", "ISOGND", "", "R", 31.106, 21.26, 0, 0, 90],
		[20, "C10_2", 445, -8.54, "T", "SMD", "ISO3V3", "", "R", 31.106, 21.26, 0, 0, 90],
		[21, "C11_1", 395, -51.46, "T", "SMD", "ISOGND", "", "R", 31.106, 21.26, 0, 0, 90],
		[22, "C11_2", 395, -8.54, "T", "SMD", "ISO3V3", "", "R", 31.106, 21.26, 0, 0, 90],
		[23, "C12_1", -860, -146.46, "T", "SMD", "GND", "GND", "R", 31.106, 21.26, 0, 0, 90],
		[24, "C12_2", -860, -103.54, "T", "SMD", "VBUS_CONN", "", "R", 31.106, 21.26, 0, 0, 90],
		[25, "C13_1", -855, 156.46, "T", "SMD", "GND", "GND", "R", 31.106, 21.26, 0, 0, 270],
		[26, "C13_2", -855, 113.54, "T", "SMD", "VBUS_CONN", "", "R", 31.106, 21.26, 0, 0, 270],
		[27, "D1_1", -586.85, -47.4, "T", "SMD", "USB_DP", "", "R", 43.307, 23.622, 0, 0, 0],
		[28, "D1_2", -586.85, -10, "T", "SMD", "GND", "GND", "R", 43.307, 23.622, 0, 0, 0],
		[29, "D1_3", -586.85, 27.4, "T", "SMD", "USB_DN", "", "R", 43.307, 23.622, 0, 0, 0],
		[30, "D1_4", -693.15, 27.4, "T", "SMD", "CC1", "", "R", 43.307, 23.622, 0, 0, 0],
		[31, "D1_5", -693.15, -10, "T", "SMD", "VBUS_CONN", "", "R", 43.307, 23.622, 0, 0, 0],
		[32, "D1_6", -693.15, -47.4, "T", "SMD", "CC2", "", "R", 43.307, 23.622, 0, 0, 0],
		[33, "D2_1", 791.85, 87.4, "T", "SMD", "ISO_BOOT", "", "R", 43.307, 23.622, 0, 0, 180],
		[34, "D2_2", 791.85, 50, "T", "SMD", "ISOGND", "", "R", 43.307, 23.622, 0, 0, 180],
		[35, "D2_3", 791.85, 12.6, "T", "SMD", "ISO_EN", "", "R", 43.307, 23.622, 0, 0, 180],
		[36, "D2_4", 898.15, 12.6, "T", "SMD", "ISO_TX", "", "R", 43.307, 23.622, 0, 0, 180],
		[37, "D2_5", 898.15, 50, "T", "SMD", "3V3_OUT", "", "R", 43.307, 23.622, 0, 0, 180],
		[38, "D2_6", 898.15, 87.4, "T", "SMD", "ISO_RX", "", "R", 43.307, 23.622, 0, 0, 180],
		[39, "H1_1", 995, -260, "T", "DIP", "ISOGND", "", "R", 70.866, 70.866, 40.158, 40.158, 90],
		[40, "H1_1", 995, -260, "B", "DIP", "ISOGND", "", "R", 70.866, 70.866, 40.158, 40.158, 90],
		[41, "H1_2", 995, -160, "T", "DIP", "ISO_BOOT", "", "C", 62.992, 62.992, 40.158, 40.158, 90],
		[42, "H1_2", 995, -160, "B", "DIP", "ISO_BOOT", "", "C", 62.992, 62.992, 40.158, 40.158, 90],
		[43, "H1_3", 995, -60, "T", "DIP", "ISO_EN", "", "C", 62.992, 62.992, 40.158, 40.158, 90],
		[44, "H1_3", 995, -60, "B", "DIP", "ISO_EN", "", "C", 62.992, 62.992, 40.158, 40.158, 90],
		[45, "H1_4", 995, 40, "T", "DIP", "ISO_TX", "", "C", 62.992, 62.992, 40.158, 40.158, 90],
		[46, "H1_4", 995, 40, "B", "DIP", "ISO_TX", "", "C", 62.992, 62.992, 40.158, 40.158, 90],
		[47, "H1_5", 995, 140, "T", "DIP", "ISO_RX", "", "C", 62.992, 62.992, 40.158, 40.158, 90],
		[48, "H1_5", 995, 140, "B", "DIP", "ISO_RX", "", "C", 62.992, 62.992, 40.158, 40.158, 90],
		[49, "H1_6", 995, 240, "T", "DIP", "3V3_OUT", "", "C", 62.992, 62.992, 40.158, 40.158, 90],
		[50, "H1_6", 995, 240, "B", "DIP", "3V3_OUT", "", "C", 62.992, 62.992, 40.158, 40.158, 90],
		[51, "H2_1", 1100, -145, "T", "DIP", "ISOGND", "", "R", 39.37, 39.37, 27.56, 27.56, 90],
		[52, "H2_1", 1100, -145, "B", "DIP", "ISOGND", "", "R", 39.37, 39.37, 27.56, 27.56, 90],
		[53, "H2_2", 1100, -95, "T", "DIP", "ISO_BOOT", "", "C", 39.37, 39.37, 27.56, 27.56, 90],
		[54, "H2_2", 1100, -95, "B", "DIP", "ISO_BOOT", "", "C", 39.37, 39.37, 27.56, 27.56, 90],
		[55, "H2_3", 1100, -45, "T", "DIP", "ISO_EN", "", "C", 39.37, 39.37, 27.56, 27.56, 90],
		[56, "H2_3", 1100, -45, "B", "DIP", "ISO_EN", "", "C", 39.37, 39.37, 27.56, 27.56, 90],
		[57, "H2_4", 1100, 5, "T", "DIP", "ISO_TX", "", "C", 39.37, 39.37, 27.56, 27.56, 90],
		[58, "H2_4", 1100, 5, "B", "DIP", "ISO_TX", "", "C", 39.37, 39.37, 27.56, 27.56, 90],
		[59, "H2_5", 1100, 55, "T", "DIP", "ISO_RX", "", "C", 39.37, 39.37, 27.56, 27.56, 90],
		[60, "H2_5", 1100, 55, "B", "DIP", "ISO_RX", "", "C", 39.37, 39.37, 27.56, 27.56, 90],
		[61, "H2_6", 1100, 105, "T", "DIP", "3V3_OUT", "", "C", 39.37, 39.37, 27.56, 27.56, 90],
		[62, "H2_6", 1100, 105, "B", "DIP", "3V3_OUT", "", "C", 39.37, 39.37, 27.56, 27.56, 90],
		[63, "H3_1", 865, 325, "T", "DIP", "3V3_OUT", "", "R", 66.929, 66.929, 39.37, 39.37, 180],
		[64, "H3_1", 865, 325, "B", "DIP", "3V3_OUT", "", "R", 66.929, 66.929, 39.37, 39.37, 180],
		[65, "H3_2", 765, 325, "T", "DIP", "ISO3V3", "", "C", 66.929, 66.929, 39.37, 39.37, 180],
		[66, "H3_2", 765, 325, "B", "DIP", "ISO3V3", "", "C", 66.929, 66.929, 39.37, 39.37, 180],
		[67, "L1_1", -802.555, -125, "T", "SMD", "VBUS_CONN", "", "R", 31.496, 34.016, 0, 0, 180],
		[68, "L1_2", -747.445, -125, "T", "SMD", "VBUS", "", "R", 31.496, 34.016, 0, 0, 180],
		[69, "L2_1", 285.91, -285, "T", "SMD", "ISOVBUS", "", "R", 73.78, 138.583, 0, 0, 0],
		[70, "L2_2", 134.09, -285, "T", "SMD", "$1N3534", "", "R", 73.78, 138.583, 0, 0, 0],
		[71, "L3_1", -429.09, -190, "T", "SMD", "$1N3529", "", "R", 73.78, 138.583, 0, 0, 0],
		[72, "L3_2", -580.91, -190, "T", "SMD", "VBUS", "", "R", 73.78, 138.583, 0, 0, 0],
		[73, "L4_1", -797.555, 115, "T", "SMD", "VBUS_CONN", "", "R", 31.496, 34.016, 0, 0, 180],
		[74, "L4_2", -742.445, 115, "T", "SMD", "VBUS", "", "R", 31.496, 34.016, 0, 0, 180],
		[75, "Q1_1", 871.217, 189.41, "T", "SMD", "RTS", "", "R", 27.559, 16.535, 0, 0, 180],
		[76, "Q1_2", 871.217, 215, "T", "SMD", "DTR", "", "R", 27.559, 16.535, 0, 0, 180],
		[77, "Q1_3", 871.217, 240.59, "T", "SMD", "ISO_BOOT", "", "R", 27.559, 16.535, 0, 0, 180],
		[78, "Q1_4", 798.783, 240.59, "T", "SMD", "DTR", "", "R", 27.559, 16.535, 0, 0, 180],
		[79, "Q1_5", 798.783, 215, "T", "SMD", "RTS", "", "R", 27.559, 16.535, 0, 0, 180],
		[80, "Q1_6", 798.783, 189.41, "T", "SMD", "ISO_EN", "", "R", 27.559, 16.535, 0, 0, 180],
		[81, "R2_1", -772.96, -55, "T", "SMD", "GND", "GND", "R", 22.27, 21.26, 0, 0, 180],
		[82, "R2_2", -807.04, -55, "T", "SMD", "CC2", "", "R", 22.27, 21.26, 0, 0, 180],
		[83, "R3_1", -767.96, 60, "T", "SMD", "GND", "GND", "R", 22.27, 21.26, 0, 0, 180],
		[84, "R3_2", -802.04, 60, "T", "SMD", "CC1", "", "R", 22.27, 21.26, 0, 0, 180],
		[85, "R4_1", -427.04, 65, "T", "SMD", "USB_DN", "", "R", 22.27, 21.26, 0, 0, 0],
		[86, "R4_2", -392.96, 65, "T", "SMD", "USB_DN_IC", "", "R", 22.27, 21.26, 0, 0, 0],
		[87, "R5_1", -427.04, 15, "T", "SMD", "USB_DP", "", "R", 22.27, 21.26, 0, 0, 0],
		[88, "R5_2", -392.96, 15, "T", "SMD", "USB_DP_IC", "", "R", 22.27, 21.26, 0, 0, 0],
		[89, "R6_1", 207.96, 60, "T", "SMD", "NET_1", "", "R", 22.27, 21.26, 0, 0, 0],
		[90, "R6_2", 242.04, 60, "T", "SMD", "ISO_USB_DN", "", "R", 22.27, 21.26, 0, 0, 0],
		[91, "R7_1", 207.96, 15, "T", "SMD", "NET_2", "", "R", 22.27, 21.26, 0, 0, 0],
		[92, "R7_2", 242.04, 15, "T", "SMD", "ISO_USB_DP", "", "R", 22.27, 21.26, 0, 0, 0],
		[93, "R10_1", 477.04, -110, "T", "SMD", "$1N4589", "", "R", 22.27, 21.26, 0, 0, 180],
		[94, "R10_2", 442.96, -110, "T", "SMD", "ISOVBUS", "", "R", 22.27, 21.26, 0, 0, 180],
		[95, "R11_1", 442.96, -165, "T", "SMD", "ISOGND", "", "R", 22.27, 21.26, 0, 0, 0],
		[96, "R11_2", 477.04, -165, "T", "SMD", "$1N4589", "", "R", 22.27, 21.26, 0, 0, 0],
		[97, "R13_1", 672.04, 250, "T", "SMD", "DTR", "", "R", 22.27, 21.26, 0, 0, 180],
		[98, "R13_2", 637.96, 250, "T", "SMD", "$1N5325", "", "R", 22.27, 21.26, 0, 0, 180],
		[99, "R14_1", 747.04, 200, "T", "SMD", "RTS", "", "R", 22.27, 21.26, 0, 0, 180],
		[100, "R14_2", 712.96, 200, "T", "SMD", "$1N5370", "", "R", 22.27, 21.26, 0, 0, 180],
		[101, "R15_1", 612.04, -80, "T", "SMD", "ISO3V3", "", "R", 22.27, 21.26, 0, 0, 180],
		[102, "R15_2", 577.96, -80, "T", "SMD", "$1N4087", "", "R", 22.27, 21.26, 0, 0, 180],
		[103, "R16_1", 792.96, -40, "T", "SMD", "$1N8663", "", "R", 22.27, 21.26, 0, 0, 0],
		[104, "R16_2", 827.04, -40, "T", "SMD", "ISO_TX", "", "R", 22.27, 21.26, 0, 0, 0],
		[105, "R17_1", 910, 212.04, "T", "SMD", "$1N8654", "", "R", 22.27, 21.26, 0, 0, 270],
		[106, "R17_2", 910, 177.96, "T", "SMD", "ISO_RX", "", "R", 22.27, 21.26, 0, 0, 270],
		[107, "U1_1", 486.4, 134.05, "T", "SMD", "NET_3", "", "R", 35.63, 11.024, 0, 0, 0],
		[108, "U1_2", 486.4, 114.37, "T", "SMD", "NET_4", "", "R", 35.63, 11.024, 0, 0, 0],
		[109, "U1_3", 486.4, 94.68, "T", "SMD", "ISOGND", "", "R", 35.63, 11.024, 0, 0, 0],
		[110, "U1_4", 486.4, 75, "T", "SMD", "ISO_USB_DP", "", "R", 35.63, 11.024, 0, 0, 0],
		[111, "U1_5", 486.4, 55.31, "T", "SMD", "ISO_USB_DN", "", "R", 35.63, 11.024, 0, 0, 0],
		[112, "U1_6", 486.4, 35.63, "T", "SMD", "ISO3V3", "", "R", 35.63, 11.024, 0, 0, 0],
		[113, "U1_7", 486.4, 15.94, "T", "SMD", "ISO3V3", "", "R", 35.63, 11.024, 0, 0, 0],
		[114, "U1_8", 520.95, -18.6, "T", "SMD", "$1N4589", "", "R", 11.024, 35.63, 0, 0, 0],
		[115, "U1_9", 540.63, -18.6, "T", "SMD", "$1N4087", "", "R", 11.024, 35.63, 0, 0, 0],
		[116, "U1_10", 560.32, -18.6, "T", "SMD", "NET_5", "", "R", 11.024, 35.63, 0, 0, 0],
		[117, "U1_11", 580, -18.6, "T", "SMD", "NET_6", "", "R", 11.024, 35.63, 0, 0, 0],
		[118, "U1_12", 599.69, -18.6, "T", "SMD", "NET_7", "", "R", 11.024, 35.63, 0, 0, 0],
		[119, "U1_13", 619.37, -18.6, "T", "SMD", "NET_8", "", "R", 11.024, 35.63, 0, 0, 0],
		[120, "U1_14", 639.06, -18.6, "T", "SMD", "NET_9", "", "R", 11.024, 35.63, 0, 0, 0],
		[121, "U1_15", 673.6, 15.94, "T", "SMD", "NET_10", "", "R", 35.63, 11.024, 0, 0, 0],
		[122, "U1_16", 673.6, 35.63, "T", "SMD", "NET_11", "", "R", 35.63, 11.024, 0, 0, 0],
		[123, "U1_17", 673.6, 55.31, "T", "SMD", "NET_12", "", "R", 35.63, 11.024, 0, 0, 0],
		[124, "U1_18", 673.6, 75, "T", "SMD", "NET_13", "", "R", 35.63, 11.024, 0, 0, 0],
		[125, "U1_19", 673.6, 94.68, "T", "SMD", "NET_14", "", "R", 35.63, 11.024, 0, 0, 0],
		[126, "U1_20", 673.6, 114.37, "T", "SMD", "NET_15", "", "R", 35.63, 11.024, 0, 0, 0],
		[127, "U1_21", 673.6, 134.05, "T", "SMD", "NET_16", "", "R", 35.63, 11.024, 0, 0, 0],
		[128, "U1_22", 639.06, 168.6, "T", "SMD", "NET_17", "", "R", 11.024, 35.63, 0, 0, 0],
		[129, "U1_23", 619.37, 168.6, "T", "SMD", "NET_18", "", "R", 11.024, 35.63, 0, 0, 0],
		[130, "U1_24", 599.69, 168.6, "T", "SMD", "$1N5370", "", "R", 11.024, 35.63, 0, 0, 0],
		[131, "U1_25", 580, 168.6, "T", "SMD", "$1N8654", "", "R", 11.024, 35.63, 0, 0, 0],
		[132, "U1_26", 560.32, 168.6, "T", "SMD", "$1N8663", "", "R", 11.024, 35.63, 0, 0, 0],
		[133, "U1_27", 540.63, 168.6, "T", "SMD", "NET_19", "", "R", 11.024, 35.63, 0, 0, 0],
		[134, "U1_28", 520.95, 168.6, "T", "SMD", "$1N5325", "", "R", 11.024, 35.63, 0, 0, 0],
		[135, "U1_29", 580, 75, "T", "SMD", "ISOGND", "", "R", 131.89, 131.89, 0, 0, 0],
		[136, "U3_1", -322.02, 315, "T", "SMD", "VBUS", "", "O", 22.598, 94.508, 0, 0, 270],
		[137, "U3_2", -322.02, 265, "T", "SMD", "GND", "GND", "O", 22.598, 94.508, 0, 0, 270],
		[138, "U3_3", -322.02, 215, "T", "SMD", "VDD", "", "O", 22.598, 94.508, 0, 0, 270],
		[139, "U3_4", -322.02, 165, "T", "SMD", "VDD", "", "O", 22.598, 94.508, 0, 0, 270],
		[140, "U3_5", -322.02, 115, "T", "SMD", "VDD", "", "O", 22.598, 94.508, 0, 0, 270],
		[141, "U3_6", -322.02, 65, "T", "SMD", "USB_DN_IC", "", "O", 22.598, 94.508, 0, 0, 270],
		[142, "U3_7", -322.02, 15, "T", "SMD", "USB_DP_IC", "", "O", 22.598, 94.508, 0, 0, 270],
		[143, "U3_8", -322.02, -35, "T", "SMD", "GND", "GND", "O", 22.598, 94.508, 0, 0, 270],
		[144, "U3_9", 52.02, -35, "T", "SMD", "ISOGND", "", "O", 22.598, 94.508, 0, 0, 270],
		[145, "U3_10", 52.02, 15, "T", "SMD", "NET_2", "", "O", 22.598, 94.508, 0, 0, 270],
		[146, "U3_11", 52.02, 65, "T", "SMD", "NET_1", "", "O", 22.598, 94.508, 0, 0, 270],
		[147, "U3_12", 52.02, 115, "T", "SMD", "ISOVDD", "", "O", 22.598, 94.508, 0, 0, 270],
		[148, "U3_13", 52.02, 165, "T", "SMD", "ISOVDD", "", "O", 22.598, 94.508, 0, 0, 270],
		[149, "U3_14", 52.02, 215, "T", "SMD", "ISOVDD", "", "O", 22.598, 94.508, 0, 0, 270],
		[150, "U3_15", 52.02, 265, "T", "SMD", "ISOGND", "", "O", 22.598, 94.508, 0, 0, 270],
		[151, "U3_16", 52.02, 315, "T", "SMD", "ISOVBUS", "", "O", 22.598, 94.508, 0, 0, 270],
		[152, "U4_1", -300, -300.004, "T", "DIP", "GND", "GND", "C", 70.866, 70.866, 43.308, 43.308, 0],
		[153, "U4_1", -300, -300.004, "B", "DIP", "GND", "GND", "C", 70.866, 70.866, 43.308, 43.308, 0],
		[154, "U4_2", -200, -300.004, "T", "DIP", "$1N3529", "", "C", 70.866, 70.866, 43.308, 43.308, 0],
		[155, "U4_2", -200, -300.004, "B", "DIP", "$1N3529", "", "C", 70.866, 70.866, 43.308, 43.308, 0],
		[156, "U4_3", -100, -300.004, "T", "DIP", "ISOGND", "", "C", 70.866, 70.866, 43.308, 43.308, 0],
		[157, "U4_3", -100, -300.004, "B", "DIP", "ISOGND", "", "C", 70.866, 70.866, 43.308, 43.308, 0],
		[158, "U4_4", 0, -300.004, "T", "DIP", "$1N3534", "", "C", 70.866, 70.866, 43.308, 43.308, 0],
		[159, "U4_4", 0, -300.004, "B", "DIP", "$1N3534", "", "C", 70.866, 70.866, 43.308, 43.308, 0],
		[160, "U5_1", 488.2251, -271.5301, "T", "SMD", "ISOVBUS", "", "R", 15.748, 31.496, 0, 0, 270],
		[161, "U5_2", 488.2251, -297.1201, "T", "SMD", "ISOGND", "", "R", 15.748, 31.496, 0, 0, 270],
		[162, "U5_3", 488.2261, -322.7101, "T", "SMD", "ISOVBUS", "", "R", 15.748, 31.496, 0, 0, 270],
		[163, "U5_4", 578.7781, -322.7101, "T", "SMD", "NET_20", "", "R", 15.748, 31.496, 0, 0, 270],
		[164, "U5_5", 578.7781, -271.5301, "T", "SMD", "ISO3V3", "", "R", 15.748, 31.496, 0, 0, 270],
		[165, "USB1_17", -965.217, -160.075, "T", "DIP", "GND", "GND", "O", 43.307, 86.614, 23.622, 66.929, 270],
		[166, "USB1_17", -965.217, -160.075, "B", "DIP", "GND", "GND", "O", 43.307, 86.614, 23.622, 66.929, 270],
		[167, "USB1_18", -1128.603, -160.081, "T", "DIP", "GND", "GND", "O", 43.307, 90.551, 23.622, 66.93, 270],
		[168, "USB1_18", -1128.603, -160.081, "B", "DIP", "GND", "GND", "O", 43.307, 90.551, 23.622, 66.93, 270],
		[169, "USB1_19", -1128.603, 180.082, "T", "DIP", "GND", "GND", "O", 43.307, 90.551, 23.622, 66.929, 270],
		[170, "USB1_19", -1128.603, 180.082, "B", "DIP", "GND", "GND", "O", 43.307, 90.551, 23.622, 66.929, 270],
		[171, "USB1_20", -965.217, 180.081, "T", "DIP", "GND", "GND", "O", 43.307, 86.614, 23.622, 66.929, 270],
		[172, "USB1_20", -965.217, 180.081, "B", "DIP", "GND", "GND", "O", 43.307, 86.614, 23.622, 66.929, 270],
		[173, "USB1_A1", -941.397, 141.898, "T", "SMD", "GND", "GND", "R", 11.811, 47.638, 0, 0, 270],
		[174, "USB1_A12", -941.397, -121.882, "T", "SMD", "GND", "GND", "R", 11.811, 47.638, 0, 0, 270],
		[175, "USB1_A4", -941.397, 110.398, "T", "SMD", "VBUS_CONN", "", "R", 11.811, 47.638, 0, 0, 270],
		[176, "USB1_A5", -941.397, 59.218, "T", "SMD", "CC1", "", "R", 11.811, 47.638, 0, 0, 270],
		[177, "USB1_A6", -941.397, 19.848, "T", "SMD", "USB_DP", "", "R", 11.811, 47.638, 0, 0, 270],
		[178, "USB1_A7", -941.397, 0.168, "T", "SMD", "USB_DN", "", "R", 11.811, 47.638, 0, 0, 270],
		[179, "USB1_A8", -941.397, -39.192, "T", "SMD", "NET_21", "", "R", 11.811, 47.638, 0, 0, 270],
		[180, "USB1_A9", -941.397, -90.392, "T", "SMD", "VBUS_CONN", "", "R", 11.811, 47.638, 0, 0, 270],
		[181, "USB1_B1", -941.397, -110.072, "T", "SMD", "GND", "GND", "R", 11.811, 47.638, 0, 0, 270],
		[182, "USB1_B12", -941.397, 130.088, "T", "SMD", "GND", "GND", "R", 11.811, 47.638, 0, 0, 270],
		[183, "USB1_B4", -941.397, -78.572, "T", "SMD", "VBUS_CONN", "", "R", 11.811, 47.638, 0, 0, 270],
		[184, "USB1_B5", -941.397, -58.892, "T", "SMD", "CC2", "", "R", 11.811, 47.638, 0, 0, 270],
		[185, "USB1_B6", -941.397, -19.522, "T", "SMD", "USB_DP", "", "R", 11.811, 47.638, 0, 0, 270],
		[186, "USB1_B7", -941.397, 39.538, "T", "SMD", "USB_DN", "", "R", 11.811, 47.638, 0, 0, 270],
		[187, "USB1_B8", -941.397, 78.908, "T", "SMD", "NET_22", "", "R", 11.811, 47.638, 0, 0, 270],
		[188, "USB1_B9", -941.397, 98.588, "T", "SMD", "VBUS_CONN", "", "R", 11.811, 47.638, 0, 0, 270],
		[189, "PAD1_2", -405, 311.46, "T", "SMD", "VBUS", "", "R", 31.106, 21.26, 0, 0, 90],
		[190, "PAD2_1", -405, 268.54, "T", "SMD", "GND", "GND", "R", 31.106, 21.26, 0, 0, 90],
		[191, "PAD3_2", 247.56, -150, "T", "SMD", "ISOVBUS", "", "R", 31.496, 35.433, 0, 0, 0],
		[192, "PAD4_1", 192.44, -150, "T", "SMD", "ISOGND", "", "R", 31.496, 35.433, 0, 0, 0],
		[193, "PAD5_2", -497.56, -315, "T", "SMD", "VBUS", "", "R", 31.496, 35.433, 0, 0, 180],
		[194, "PAD6_1", -442.44, -315, "T", "SMD", "GND", "GND", "R", 31.496, 35.433, 0, 0, 180],
		[195, "PAD7_2", -398.54, 165, "T", "SMD", "VDD", "", "R", 31.106, 21.26, 0, 0, 0],
		[196, "PAD8_1", -441.46, 165, "T", "SMD", "GND", "GND", "R", 31.106, 21.26, 0, 0, 0],
		[197, "PAD9_2", 130, 311.46, "T", "SMD", "ISOVBUS", "", "R", 31.106, 21.26, 0, 0, 90],
		[198, "PAD10_1", 130, 268.54, "T", "SMD", "ISOGND", "", "R", 31.106, 21.26, 0, 0, 90],
		[199, "PAD11_2", 123.54, 165, "T", "SMD", "ISOVDD", "", "R", 31.106, 21.26, 0, 0, 180],
		[200, "PAD12_1", 166.46, 165, "T", "SMD", "ISOGND", "", "R", 31.106, 21.26, 0, 0, 180],
		[201, "PAD13_2", 413.5021, -293.5801, "T", "SMD", "ISOVBUS", "", "R", 31.106, 21.26, 0, 0, 270],
		[202, "PAD14_1", 413.5021, -250.6601, "T", "SMD", "ISOGND", "", "R", 31.106, 21.26, 0, 0, 270],
		[203, "PAD15_2", 569.38, -175, "T", "SMD", "ISO3V3", "", "R", 31.106, 21.26, 0, 0, 0],
		[204, "PAD16_1", 526.46, -175, "T", "SMD", "ISOGND", "", "R", 31.106, 21.26, 0, 0, 0],
		[205, "PAD17_2", 569.9621, -222.1201, "T", "SMD", "ISO3V3", "", "R", 31.106, 21.26, 0, 0, 0],
		[206, "PAD18_1", 527.0421, -222.1201, "T", "SMD", "ISOGND", "", "R", 31.106, 21.26, 0, 0, 0],
		[207, "PAD19_2", 445, -8.54, "T", "SMD", "ISO3V3", "", "R", 31.106, 21.26, 0, 0, 90],
		[208, "PAD20_1", 445, -51.46, "T", "SMD", "ISOGND", "", "R", 31.106, 21.26, 0, 0, 90],
		[209, "PAD21_2", 395, -8.54, "T", "SMD", "ISO3V3", "", "R", 31.106, 21.26, 0, 0, 90],
		[210, "PAD22_1", 395, -51.46, "T", "SMD", "ISOGND", "", "R", 31.106, 21.26, 0, 0, 90],
		[211, "PAD23_3", -586.85, 27.4, "T", "SMD", "USB_DN", "", "R", 43.307, 23.622, 0, 0, 0],
		[212, "PAD24_2", -586.85, -10, "T", "SMD", "GND", "GND", "R", 43.307, 23.622, 0, 0, 0],
		[213, "PAD25_1", -586.85, -47.4, "T", "SMD", "USB_DP", "", "R", 43.307, 23.622, 0, 0, 0],
		[214, "PAD26_6", -693.15, -47.4, "T", "SMD", "CC2", "", "R", 43.307, 23.622, 0, 0, 0],
		[215, "PAD27_5", -693.15, -10, "T", "SMD", "VBUS_CONN", "", "R", 43.307, 23.622, 0, 0, 0],
		[216, "PAD28_4", -693.15, 27.4, "T", "SMD", "CC1", "", "R", 43.307, 23.622, 0, 0, 0],
		[217, "PAD29_3", 791.85, 12.6, "T", "SMD", "ISO_EN", "", "R", 43.307, 23.622, 0, 0, 180],
		[218, "PAD30_2", 791.85, 50, "T", "SMD", "ISOGND", "", "R", 43.307, 23.622, 0, 0, 180],
		[219, "PAD31_1", 791.85, 87.4, "T", "SMD", "ISO_BOOT", "", "R", 43.307, 23.622, 0, 0, 180],
		[220, "PAD32_6", 898.15, 87.4, "T", "SMD", "ISO_RX", "", "R", 43.307, 23.622, 0, 0, 180],
		[221, "PAD33_5", 898.15, 50, "T", "SMD", "3V3_OUT", "", "R", 43.307, 23.622, 0, 0, 180],
		[222, "PAD34_4", 898.15, 12.6, "T", "SMD", "ISO_TX", "", "R", 43.307, 23.622, 0, 0, 180],
		[223, "PAD35_6", 995, 240, "T", "DIP", "3V3_OUT", "", "C", 62.992, 62.992, 40.158, 40.158, 90],
		[224, "PAD35_6", 995, 240, "B", "DIP", "3V3_OUT", "", "C", 62.992, 62.992, 40.158, 40.158, 90],
		[225, "PAD36_5", 995, 140, "T", "DIP", "ISO_RX", "", "C", 62.992, 62.992, 40.158, 40.158, 90],
		[226, "PAD36_5", 995, 140, "B", "DIP", "ISO_RX", "", "C", 62.992, 62.992, 40.158, 40.158, 90],
		[227, "PAD37_4", 995, 40, "T", "DIP", "ISO_TX", "", "C", 62.992, 62.992, 40.158, 40.158, 90],
		[228, "PAD37_4", 995, 40, "B", "DIP", "ISO_TX", "", "C", 62.992, 62.992, 40.158, 40.158, 90],
		[229, "PAD38_3", 995, -60, "T", "DIP", "ISO_EN", "", "C", 62.992, 62.992, 40.158, 40.158, 90],
		[230, "PAD38_3", 995, -60, "B", "DIP", "ISO_EN", "", "C", 62.992, 62.992, 40.158, 40.158, 90],
		[231, "PAD39_2", 995, -160, "T", "DIP", "ISO_BOOT", "", "C", 62.992, 62.992, 40.158, 40.158, 90],
		[232, "PAD39_2", 995, -160, "B", "DIP", "ISO_BOOT", "", "C", 62.992, 62.992, 40.158, 40.158, 90],
		[233, "PAD40_1", 995, -260, "T", "DIP", "ISOGND", "", "R", 70.866, 70.866, 40.158, 40.158, 90],
		[234, "PAD40_1", 995, -260, "B", "DIP", "ISOGND", "", "R", 70.866, 70.866, 40.158, 40.158, 90],
		[235, "PAD41_1", -802.555, -125, "T", "SMD", "VBUS_CONN", "", "R", 31.496, 34.016, 0, 0, 180],
		[236, "PAD42_2", -747.445, -125, "T", "SMD", "VBUS", "", "R", 31.496, 34.016, 0, 0, 180],
		[237, "PAD43_1", 285.91, -285, "T", "SMD", "ISOVBUS", "", "R", 73.78, 138.583, 0, 0, 0],
		[238, "PAD44_2", 134.09, -285, "T", "SMD", "$1N3534", "", "R", 73.78, 138.583, 0, 0, 0],
		[239, "PAD45_1", -429.09, -190, "T", "SMD", "$1N3529", "", "R", 73.78, 138.583, 0, 0, 0],
		[240, "PAD46_2", -580.91, -190, "T", "SMD", "VBUS", "", "R", 73.78, 138.583, 0, 0, 0],
		[241, "PAD47_1", -797.555, 115, "T", "SMD", "VBUS_CONN", "", "R", 31.496, 34.016, 0, 0, 180],
		[242, "PAD48_2", -742.445, 115, "T", "SMD", "VBUS", "", "R", 31.496, 34.016, 0, 0, 180],
		[243, "PAD49_2", 871.217, 215, "T", "SMD", "DTR", "", "R", 27.559, 16.535, 0, 0, 180],
		[244, "PAD50_3", 871.217, 240.59, "T", "SMD", "ISO_BOOT", "", "R", 27.559, 16.535, 0, 0, 180],
		[245, "PAD51_4", 798.783, 240.59, "T", "SMD", "DTR", "", "R", 27.559, 16.535, 0, 0, 180],
		[246, "PAD52_5", 798.783, 215, "T", "SMD", "RTS", "", "R", 27.559, 16.535, 0, 0, 180],
		[247, "PAD53_6", 798.783, 189.41, "T", "SMD", "ISO_EN", "", "R", 27.559, 16.535, 0, 0, 180],
		[248, "PAD54_1", 871.217, 189.41, "T", "SMD", "RTS", "", "R", 27.559, 16.535, 0, 0, 180],
		[249, "PAD55_2", -807.04, -55, "T", "SMD", "CC2", "", "R", 22.27, 21.26, 0, 0, 180],
		[250, "PAD56_1", -772.96, -55, "T", "SMD", "GND", "GND", "R", 22.27, 21.26, 0, 0, 180],
		[251, "PAD57_2", -802.04, 60, "T", "SMD", "CC1", "", "R", 22.27, 21.26, 0, 0, 180],
		[252, "PAD58_1", -767.96, 60, "T", "SMD", "GND", "GND", "R", 22.27, 21.26, 0, 0, 180],
		[253, "PAD59_2", -392.96, 65, "T", "SMD", "USB_DN_IC", "", "R", 22.27, 21.26, 0, 0, 0],
		[254, "PAD60_1", -427.04, 65, "T", "SMD", "USB_DN", "", "R", 22.27, 21.26, 0, 0, 0],
		[255, "PAD61_2", -392.96, 15, "T", "SMD", "USB_DP_IC", "", "R", 22.27, 21.26, 0, 0, 0],
		[256, "PAD62_1", -427.04, 15, "T", "SMD", "USB_DP", "", "R", 22.27, 21.26, 0, 0, 0],
		[257, "PAD63_2", 242.04, 60, "T", "SMD", "ISO_USB_DN", "", "R", 22.27, 21.26, 0, 0, 0],
		[258, "PAD64_1", 207.96, 60, "T", "SMD", "NET_1", "", "R", 22.27, 21.26, 0, 0, 0],
		[259, "PAD65_2", 242.04, 15, "T", "SMD", "ISO_USB_DP", "", "R", 22.27, 21.26, 0, 0, 0],
		[260, "PAD66_1", 207.96, 15, "T", "SMD", "NET_2", "", "R", 22.27, 21.26, 0, 0, 0],
		[261, "PAD67_2", 442.96, -110, "T", "SMD", "ISOVBUS", "", "R", 22.27, 21.26, 0, 0, 180],
		[262, "PAD68_1", 477.04, -110, "T", "SMD", "$1N4589", "", "R", 22.27, 21.26, 0, 0, 180],
		[263, "PAD69_2", 477.04, -165, "T", "SMD", "$1N4589", "", "R", 22.27, 21.26, 0, 0, 0],
		[264, "PAD70_1", 442.96, -165, "T", "SMD", "ISOGND", "", "R", 22.27, 21.26, 0, 0, 0],
		[265, "PAD71_2", 637.96, 250, "T", "SMD", "$1N5325", "", "R", 22.27, 21.26, 0, 0, 180],
		[266, "PAD72_1", 672.04, 250, "T", "SMD", "DTR", "", "R", 22.27, 21.26, 0, 0, 180],
		[267, "PAD73_2", 712.96, 200, "T", "SMD", "$1N5370", "", "R", 22.27, 21.26, 0, 0, 180],
		[268, "PAD74_1", 747.04, 200, "T", "SMD", "RTS", "", "R", 22.27, 21.26, 0, 0, 180],
		[269, "PAD75_2", 577.96, -80, "T", "SMD", "$1N4087", "", "R", 22.27, 21.26, 0, 0, 180],
		[270, "PAD76_1", 612.04, -80, "T", "SMD", "ISO3V3", "", "R", 22.27, 21.26, 0, 0, 180],
		[271, "PAD77_3", 486.4, 94.68, "T", "SMD", "ISOGND", "", "R", 35.63, 11.024, 0, 0, 0],
		[272, "PAD78_4", 486.4, 75, "T", "SMD", "ISO_USB_DP", "", "R", 35.63, 11.024, 0, 0, 0],
		[273, "PAD79_5", 486.4, 55.31, "T", "SMD", "ISO_USB_DN", "", "R", 35.63, 11.024, 0, 0, 0],
		[274, "PAD80_6", 486.4, 35.63, "T", "SMD", "ISO3V3", "", "R", 35.63, 11.024, 0, 0, 0],
		[275, "PAD81_7", 486.4, 15.94, "T", "SMD", "ISO3V3", "", "R", 35.63, 11.024, 0, 0, 0],
		[276, "PAD82_8", 520.95, -18.6, "T", "SMD", "$1N4589", "", "R", 11.024, 35.63, 0, 0, 0],
		[277, "PAD83_9", 540.63, -18.6, "T", "SMD", "$1N4087", "", "R", 11.024, 35.63, 0, 0, 0],
		[278, "PAD84_24", 599.69, 168.6, "T", "SMD", "$1N5370", "", "R", 11.024, 35.63, 0, 0, 0],
		[279, "PAD85_25", 580, 168.6, "T", "SMD", "$1N8654", "", "R", 11.024, 35.63, 0, 0, 0],
		[280, "PAD86_26", 560.32, 168.6, "T", "SMD", "$1N8663", "", "R", 11.024, 35.63, 0, 0, 0],
		[281, "PAD87_28", 520.95, 168.6, "T", "SMD", "$1N5325", "", "R", 11.024, 35.63, 0, 0, 0],
		[282, "PAD88_29", 580, 75, "T", "SMD", "ISOGND", "", "R", 131.89, 131.89, 0, 0, 0],
		[283, "PAD89_1", -322.02, 315, "T", "SMD", "VBUS", "", "O", 22.598, 94.508, 0, 0, 270],
		[284, "PAD90_2", -322.02, 265, "T", "SMD", "GND", "GND", "O", 22.598, 94.508, 0, 0, 270],
		[285, "PAD91_3", -322.02, 215, "T", "SMD", "VDD", "", "O", 22.598, 94.508, 0, 0, 270],
		[286, "PAD92_4", -322.02, 165, "T", "SMD", "VDD", "", "O", 22.598, 94.508, 0, 0, 270],
		[287, "PAD93_5", -322.02, 115, "T", "SMD", "VDD", "", "O", 22.598, 94.508, 0, 0, 270],
		[288, "PAD94_6", -322.02, 65, "T", "SMD", "USB_DN_IC", "", "O", 22.598, 94.508, 0, 0, 270],
		[289, "PAD95_7", -322.02, 15, "T", "SMD", "USB_DP_IC", "", "O", 22.598, 94.508, 0, 0, 270],
		[290, "PAD96_8", -322.02, -35, "T", "SMD", "GND", "GND", "O", 22.598, 94.508, 0, 0, 270],
		[291, "PAD97_16", 52.02, 315, "T", "SMD", "ISOVBUS", "", "O", 22.598, 94.508, 0, 0, 270],
		[292, "PAD98_15", 52.02, 265, "T", "SMD", "ISOGND", "", "O", 22.598, 94.508, 0, 0, 270],
		[293, "PAD99_14", 52.02, 215, "T", "SMD", "ISOVDD", "", "O", 22.598, 94.508, 0, 0, 270],
		[294, "PAD100_13", 52.02, 165, "T", "SMD", "ISOVDD", "", "O", 22.598, 94.508, 0, 0, 270],
		[295, "PAD101_12", 52.02, 115, "T", "SMD", "ISOVDD", "", "O", 22.598, 94.508, 0, 0, 270],
		[296, "PAD102_11", 52.02, 65, "T", "SMD", "NET_1", "", "O", 22.598, 94.508, 0, 0, 270],
		[297, "PAD103_10", 52.02, 15, "T", "SMD", "NET_2", "", "O", 22.598, 94.508, 0, 0, 270],
		[298, "PAD104_9", 52.02, -35, "T", "SMD", "ISOGND", "", "O", 22.598, 94.508, 0, 0, 270],
		[299, "PAD105_1", -300, -300.004, "T", "DIP", "GND", "GND", "C", 70.866, 70.866, 43.308, 43.308, 0],
		[300, "PAD105_1", -300, -300.004, "B", "DIP", "GND", "GND", "C", 70.866, 70.866, 43.308, 43.308, 0],
		[301, "PAD106_2", -200, -300.004, "T", "DIP", "$1N3529", "", "C", 70.866, 70.866, 43.308, 43.308, 0],
		[302, "PAD106_2", -200, -300.004, "B", "DIP", "$1N3529", "", "C", 70.866, 70.866, 43.308, 43.308, 0],
		[303, "PAD107_3", -100, -300.004, "T", "DIP", "ISOGND", "", "C", 70.866, 70.866, 43.308, 43.308, 0],
		[304, "PAD107_3", -100, -300.004, "B", "DIP", "ISOGND", "", "C", 70.866, 70.866, 43.308, 43.308, 0],
		[305, "PAD108_4", 0, -300.004, "T", "DIP", "$1N3534", "", "C", 70.866, 70.866, 43.308, 43.308, 0],
		[306, "PAD108_4", 0, -300.004, "B", "DIP", "$1N3534", "", "C", 70.866, 70.866, 43.308, 43.308, 0],
		[307, "PAD109_1", 488.2251, -271.5301, "T", "SMD", "ISOVBUS", "", "R", 15.748, 31.496, 0, 0, 270],
		[308, "PAD110_2", 488.2251, -297.1201, "T", "SMD", "ISOGND", "", "R", 15.748, 31.496, 0, 0, 270],
		[309, "PAD111_3", 488.2261, -322.7101, "T", "SMD", "ISOVBUS", "", "R", 15.748, 31.496, 0, 0, 270],
		[310, "PAD112_5", 578.7781, -271.5301, "T", "SMD", "ISO3V3", "", "R", 15.748, 31.496, 0, 0, 270],
		[311, "PAD113_6", 1100, 105, "T", "DIP", "3V3_OUT", "", "C", 39.37, 39.37, 27.56, 27.56, 90],
		[312, "PAD113_6", 1100, 105, "B", "DIP", "3V3_OUT", "", "C", 39.37, 39.37, 27.56, 27.56, 90],
		[313, "PAD114_5", 1100, 55, "T", "DIP", "ISO_RX", "", "C", 39.37, 39.37, 27.56, 27.56, 90],
		[314, "PAD114_5", 1100, 55, "B", "DIP", "ISO_RX", "", "C", 39.37, 39.37, 27.56, 27.56, 90],
		[315, "PAD115_3", 1100, -45, "T", "DIP", "ISO_EN", "", "C", 39.37, 39.37, 27.56, 27.56, 90],
		[316, "PAD115_3", 1100, -45, "B", "DIP", "ISO_EN", "", "C", 39.37, 39.37, 27.56, 27.56, 90],
		[317, "PAD116_2", 1100, -95, "T", "DIP", "ISO_BOOT", "", "C", 39.37, 39.37, 27.56, 27.56, 90],
		[318, "PAD116_2", 1100, -95, "B", "DIP", "ISO_BOOT", "", "C", 39.37, 39.37, 27.56, 27.56, 90],
		[319, "PAD117_1", 1100, -145, "T", "DIP", "ISOGND", "", "R", 39.37, 39.37, 27.56, 27.56, 90],
		[320, "PAD117_1", 1100, -145, "B", "DIP", "ISOGND", "", "R", 39.37, 39.37, 27.56, 27.56, 90],
		[321, "PAD118_4", 1100, 5, "T", "DIP", "ISO_TX", "", "C", 39.37, 39.37, 27.56, 27.56, 90],
		[322, "PAD118_4", 1100, 5, "B", "DIP", "ISO_TX", "", "C", 39.37, 39.37, 27.56, 27.56, 90],
		[323, "PAD119_A12", -941.397, -121.882, "T", "SMD", "GND", "GND", "R", 11.811, 47.638, 0, 0, 270],
		[324, "PAD120_B1", -941.397, -110.072, "T", "SMD", "GND", "GND", "R", 11.811, 47.638, 0, 0, 270],
		[325, "PAD121_A9", -941.397, -90.392, "T", "SMD", "VBUS_CONN", "", "R", 11.811, 47.638, 0, 0, 270],
		[326, "PAD122_B4", -941.397, -78.572, "T", "SMD", "VBUS_CONN", "", "R", 11.811, 47.638, 0, 0, 270],
		[327, "PAD123_B5", -941.397, -58.892, "T", "SMD", "CC2", "", "R", 11.811, 47.638, 0, 0, 270],
		[328, "PAD124_B6", -941.397, -19.522, "T", "SMD", "USB_DP", "", "R", 11.811, 47.638, 0, 0, 270],
		[329, "PAD125_A7", -941.397, 0.168, "T", "SMD", "USB_DN", "", "R", 11.811, 47.638, 0, 0, 270],
		[330, "PAD126_A6", -941.397, 19.848, "T", "SMD", "USB_DP", "", "R", 11.811, 47.638, 0, 0, 270],
		[331, "PAD127_B7", -941.397, 39.538, "T", "SMD", "USB_DN", "", "R", 11.811, 47.638, 0, 0, 270],
		[332, "PAD128_A5", -941.397, 59.218, "T", "SMD", "CC1", "", "R", 11.811, 47.638, 0, 0, 270],
		[333, "PAD129_B9", -941.397, 98.588, "T", "SMD", "VBUS_CONN", "", "R", 11.811, 47.638, 0, 0, 270],
		[334, "PAD130_A4", -941.397, 110.398, "T", "SMD", "VBUS_CONN", "", "R", 11.811, 47.638, 0, 0, 270],
		[335, "PAD131_B12", -941.397, 130.088, "T", "SMD", "GND", "GND", "R", 11.811, 47.638, 0, 0, 270],
		[336, "PAD132_A1", -941.397, 141.898, "T", "SMD", "GND", "GND", "R", 11.811, 47.638, 0, 0, 270],
		[337, "PAD133_20", -965.217, 180.081, "T", "DIP", "GND", "GND", "O", 43.307, 86.614, 23.622, 66.929, 270],
		[338, "PAD133_20", -965.217, 180.081, "B", "DIP", "GND", "GND", "O", 43.307, 86.614, 23.622, 66.929, 270],
		[339, "PAD134_17", -965.217, -160.075, "T", "DIP", "GND", "GND", "O", 43.307, 86.614, 23.622, 66.929, 270],
		[340, "PAD134_17", -965.217, -160.075, "B", "DIP", "GND", "GND", "O", 43.307, 86.614, 23.622, 66.929, 270],
		[341, "PAD135_18", -1128.603, -160.081, "T", "DIP", "GND", "GND", "O", 43.307, 90.551, 23.622, 66.93, 270],
		[342, "PAD135_18", -1128.603, -160.081, "B", "DIP", "GND", "GND", "O", 43.307, 90.551, 23.622, 66.93, 270],
		[343, "PAD136_19", -1128.603, 180.082, "T", "DIP", "GND", "GND", "O", 43.307, 90.551, 23.622, 66.929, 270],
		[344, "PAD136_19", -1128.603, 180.082, "B", "DIP", "GND", "GND", "O", 43.307, 90.551, 23.622, 66.929, 270],
		[345, "PAD137_2", -860, -103.54, "T", "SMD", "VBUS_CONN", "", "R", 31.106, 21.26, 0, 0, 90],
		[346, "PAD138_1", -860, -146.46, "T", "SMD", "GND", "GND", "R", 31.106, 21.26, 0, 0, 90],
		[347, "PAD139_2", -855, 113.54, "T", "SMD", "VBUS_CONN", "", "R", 31.106, 21.26, 0, 0, 270],
		[348, "PAD140_1", -855, 156.46, "T", "SMD", "GND", "GND", "R", 31.106, 21.26, 0, 0, 270],
		[349, "PAD141_1", 865, 325, "T", "DIP", "3V3_OUT", "", "R", 66.929, 66.929, 39.37, 39.37, 180],
		[350, "PAD141_1", 865, 325, "B", "DIP", "3V3_OUT", "", "R", 66.929, 66.929, 39.37, 39.37, 180],
		[351, "PAD142_2", 765, 325, "T", "DIP", "ISO3V3", "", "C", 66.929, 66.929, 39.37, 39.37, 180],
		[352, "PAD142_2", 765, 325, "B", "DIP", "ISO3V3", "", "C", 66.929, 66.929, 39.37, 39.37, 180],
		[353, "PAD143_2", 827.04, -40, "T", "SMD", "ISO_TX", "", "R", 22.27, 21.26, 0, 0, 0],
		[354, "PAD144_1", 792.96, -40, "T", "SMD", "$1N8663", "", "R", 22.27, 21.26, 0, 0, 0],
		[355, "PAD145_2", 910, 177.96, "T", "SMD", "ISO_RX", "", "R", 22.27, 21.26, 0, 0, 270],
		[356, "PAD146_1", 910, 212.04, "T", "SMD", "$1N8654", "", "R", 22.27, 21.26, 0, 0, 270]
	]
}
}